{"bgnn-gat": [0.9151987433433533, 0.005176983522634949, 44.8169736067454, 5.594015580667753], "bgnn-gcn": [0.9065040747324625, 0.004346977265283182, 44.75089446703593, 10.443847918404728], "bgnn-agnn": [0.9071815609931946, 0.005531830600757112, 49.41082787513733, 9.714518522765145], "bgnn-appnp": [0.9288617769877116, 0.0067581024110830445, 34.32562796274821, 3.7551325128463806]}