{"bgnn-gat": [0.8909396131833395, 0.018510198372167025, 79.05799730618794, 13.744319129784772], "bgnn-gcn": [0.8888142903645834, 0.009043126213260887, 76.76056957244873, 4.315455381483371], "bgnn-agnn": [0.8850111961364746, 0.014879893132802493, 82.83896931012471, 0.6229327231957824], "bgnn-appnp": [0.8906040191650391, 0.013103028477294203, 97.40598432223003, 7.828729669796654]}