iter	MultiRMSE
0	0.1042128768
1	0.09870779076
2	0.09422279351
3	0.08964631532
4	0.08660467695
5	0.08322091809
6	0.08045887499
7	0.07758363746
8	0.07479064474
9	0.07205723805
