iter	MultiRMSE
0	0.04320865161
1	0.04256552355
2	0.04199744021
3	0.04129908214
4	0.04091731706
5	0.0403449641
6	0.03989239943
7	0.0393592115
8	0.03887699915
9	0.03844679031
