iter	MultiRMSE
0	0.009709071661
1	0.00953386593
2	0.00929091178
3	0.009119290577
4	0.008891308309
5	0.008660219077
6	0.008426217868
7	0.008199436069
8	0.007990297448
9	0.00778278949
10	0.007580393868
11	0.007380754294
12	0.007192759359
13	0.007064269057
14	0.006881721295
15	0.006694217997
16	0.006520587843
17	0.00635550205
18	0.006195034331
19	0.006036382407
