iter	MultiRMSE
0	0.4416007458
1	0.4369926893
2	0.4343028321
3	0.4300899854
4	0.4273967158
5	0.4238155414
6	0.4198638021
7	0.4164506072
8	0.4117379755
9	0.4077846917
10	0.4017951177
11	0.3974900798
12	0.3940133954
13	0.3909662473
14	0.3892179227
15	0.3861911846
16	0.3843523921
17	0.3795738877
18	0.3785156133
19	0.3743727093
