iter	RMSE
0	0.6745187211
1	0.6525041078
2	0.6352124383
3	0.6178617886
4	0.5989863785
5	0.5828220824
6	0.5674461202
7	0.554133825
8	0.5416026986
9	0.5283148628
10	0.5112611156
11	0.4972923059
12	0.4884426753
13	0.4777120308
14	0.4671877522
