iter	MultiRMSE
0	0.1250759439
1	0.119163548
2	0.1148295021
3	0.1098866666
4	0.1072180207
5	0.1035706246
6	0.1017562508
7	0.09957503271
8	0.09729265919
9	0.09584076941
